Image,True
82,51A05227
83,51A05227
128,51G21670
129,51G21670
150,51F59881
151,51F59881
186,51A01204
187,51A01204
218,51F06948
219,51F06948
261,51F07973
282,51F61712
283,51F61712
300,86A06844
301,86A06844
316,51F88270
317,51F88270
318,51F88270
319,51F88270
320,51F88270
321,51F88270
390,51F63034
391,51F63034
442,51A69172
443,51A69172
448,51F16159
449,51F16159
462,51G47281
463,51G47281
508,51A89714
509,51A89714
541,51F49742
542,51B21666
544,51B21666
554,54A72110
555,54A72110
564,51A96141
565,51A96141
566,51A96141
567,51A96141
604,51F44614
605,51F44614
647,51F24403
652,51F79512
653,51F79512
706,51G51332
707,51G51332
742,51F15585
743,51F15585
744,51F15585
745,51F15585
775,51F22261
782,30V3993
783,30V3993
812,60A35981
813,60A35981
820,29A51796
821,29A51796
822,29A51796
844,51F59011
845,51F59011
905,51F04275
1070,51G51936
1071,51G51936
1357,51G49160
1728,51F31118
1729,51F31118
1961,51A85325
2062,51G25181
2063,51G25181
2174,51A90905
2215,51G10096
2230,48A05177
2231,48A05177
2232,51G01177
2233,51G01177
2270,51G37307
2271,51G37307
2272,51G50553
2273,51G50553
2300,51G47340
2301,51G47340
2408,51F06532
2428,50A21418
2429,60A21418
2436,51A72078
2564,51A77529
2565,51A77529
2779,51G51008
3352,51A05227
3353,51A05227
3420,51F59881
3421,51F59881
3456,51A01204
3457,51A01204
3524,51G39466
3525,51G39466
3528,51F07973
3529,51F07973
3550,51F61712
3551,51F61712
3571,86A06844
3586,51F88270
3589,51F88270
3590,51F88270
3591,51F88270
3658,51F63034
3659,51F63034
3714,51A69172
3715,51A69172
3718,51F16159
3719,51F16159
3735,51G47281
3749,61A22959
3784,51A89714
3785,51A89714
3816,51F49142
3818,51B21666
3819,54B21666
3820,51D21666
3821,51D21666
3840,51A96141
3841,51A96141
3842,51A96141
3843,51A91614
3880,51F44614
3881,51F44614
3920,51F24403
3979,51G51332
4014,51F15585
4015,51F15585
4046,51F22261
4047,51F22261
4087,60A35981
4094,29A51796
4095,29A51796
4120,51F59011
4121,51F59011
4182,51F04275
4640,51G49160
5010,51F20754
5011,51F20754
5346,51G25181
5347,51G25181
5458,51A90905
5459,51A90905
5498,51G10096
5499,51G10096
5514,48A05177
5515,48A05177
5516,51G01177
5554,51G37307
5586,51G47340
5587,51G47340
5697,51F06532
5715,60A21418
5722,51A72078
5723,51A72078
5854,51A77529
5855,51A77529
6070,51G51008
6071,51G51008
6630,51A05227
6631,51A05227
6666,51F59881
6667,51F59881
6686,51A01204
6687,51A01204
6732,51F07973
6733,51F07973
6758,51F61712
6759,51F61712
6770,51A55433
6781,51F88270
6814,51F63034
6815,51F63034
6842,51A69172
6843,51A69172
6861,51G10209
6872,51G51008
6873,51G51008
6890,51F35613
6891,51F35613
6897,51A72110
6904,51A96141
6905,51A96141
6922,51F44614
6923,51F44614
6942,51F24403
6990,51F75326
7002,51G51332
7003,51G51332
7026,51F15585
7027,51F15585
7028,51F15585
7029,51F15585
7073,60A35981
7078,29A51796
7079,29A51796
7092,51F04877
7093,51F04877
7094,86A06642
7104,51F59011
7144,51G20536
